,id,status,isok,start,end,latency
0,1,200,1,1655040206920,1655040224256,17336
1,3,200,1,1655040206584,1655040248100,41516
2,10,200,1,1655040208514,1655040250738,42224
3,15,200,1,1655040210712,1655040254893,44181
4,14,200,1,1655040210684,1655040257879,47195
5,6,200,1,1655040207123,1655040258621,51498
6,17,200,1,1655040213392,1655040260341,46949
7,5,200,1,1655040208076,1655040261109,53033
8,2,200,1,1655040206678,1655040261650,54972
9,9,200,1,1655040207851,1655040263489,55638
10,0,200,1,1655040206449,1655040265444,58995
11,22,200,1,1655040218434,1655040266886,48452
12,11,200,1,1655040208599,1655040268350,59751
13,20,200,1,1655040218060,1655040268462,50402
14,12,200,1,1655040208837,1655040269099,60262
15,13,200,1,1655040210791,1655040269618,58827
16,21,200,1,1655040217796,1655040271117,53321
17,8,200,1,1655040207217,1655040271404,64187
18,4,200,1,1655040206731,1655040271525,64794
19,18,200,1,1655040214455,1655040272089,57634
20,7,200,1,1655040207102,1655040273454,66352
21,25,200,1,1655040221499,1655040273734,52235
22,23,200,1,1655040219276,1655040274116,54840
23,16,200,1,1655040212781,1655040274381,61600
24,19,200,1,1655040214837,1655040274834,59997
25,24,200,1,1655040220676,1655040275083,54407
26,26,200,1,1655040222087,1655040275328,53241
